id,sender_id,receiver_id,amount,start_time,max_fee_limit,end_time,mpp,is_success,no_balance_count,offline_node_count,timeout_exp,attack_delay_total,attack_delay_events,attempts,route,total_fee,attempts_history
0,3213,5499,100741,702,18446744073709551615,4103,1,0,0,1,0,0,0,3,27956-23574-42184-54241,2000,
1,1557,5793,136639,1589,18446744073709551615,4790,1,0,0,1,0,0,0,3,11347-13026-12950-57686,2002,
2,5812,5075,95664,2515,18446744073709551615,2919,1,1,0,0,0,0,0,2,59393-50106,2000,
3,4974,253,97362,3110,18446744073709551615,6311,1,0,0,2,0,0,0,4,49525-52995-4200-824,4016,
4,2065,5178,94259,8742,18446744073709551615,11944,1,0,0,2,0,0,0,4,16117-27079-40369-51094,2202,
5,277,4808,102873,9520,18446744073709551615,10123,0,1,0,0,0,0,0,1,904-390-48161,1903,"[{""attempts"":1,""is_succeeded"":1,""end_time"":10123,""error_edge"":0,""error_type"":0,""route"":[{""edge_id"":904,""from_node_id"":277,""to_node_id"":24,""sent_amt"":104776,""edge_cap"":8799713,""channel_cap"":100000000,""group_cap"":null,""channel_update"":100000000},{""edge_id"":390,""from_node_id"":24,""to_node_id"":77,""sent_amt"":103873,""edge_cap"":28835125,""channel_cap"":500000000,""group_cap"":null,""channel_update"":500000000},{""edge_id"":48161,""from_node_id"":77,""to_node_id"":4808,""sent_amt"":102873,""edge_cap"":559426776,""channel_cap"":590487000,""group_cap"":null,""channel_update"":590487000}]}]"
6,2312,5362,113415,10217,18446744073709551615,11022,1,1,0,0,0,0,0,2,18950-53221-55595-53357,22998,
7,1481,4976,84655,10960,18446744073709551615,11766,1,1,0,0,0,0,0,2,9583-58624-52993-49529,416,
8,5615,2208,113051,11254,18446744073709551615,11855,0,1,0,0,0,0,0,1,56132-37588-17823,32,"[{""attempts"":1,""is_succeeded"":1,""end_time"":11855,""error_edge"":0,""error_type"":0,""route"":[{""edge_id"":56132,""from_node_id"":5615,""to_node_id"":3708,""sent_amt"":113083,""edge_cap"":27092132,""channel_cap"":453608000,""group_cap"":null,""channel_update"":453608000},{""edge_id"":37588,""from_node_id"":3708,""to_node_id"":2010,""sent_amt"":113052,""edge_cap"":26549543,""channel_cap"":1000000000,""group_cap"":null,""channel_update"":1000000000},{""edge_id"":17823,""from_node_id"":2010,""to_node_id"":2208,""sent_amt"":113051,""edge_cap"":86990957,""channel_cap"":96000000,""group_cap"":null,""channel_update"":96000000}]}]"
9,5646,4424,103773,12211,18446744073709551615,13016,0,1,0,0,0,0,0,1,55949-49791-49826-42421,1041,"[{""attempts"":1,""is_succeeded"":1,""end_time"":13016,""error_edge"":0,""error_type"":0,""route"":[{""edge_id"":55949,""from_node_id"":5646,""to_node_id"":3750,""sent_amt"":104814,""edge_cap"":471548025,""channel_cap"":500000000,""group_cap"":null,""channel_update"":500000000},{""edge_id"":49791,""from_node_id"":3750,""to_node_id"":2739,""sent_amt"":103814,""edge_cap"":306883265,""channel_cap"":334797000,""group_cap"":null,""channel_update"":334797000},{""edge_id"":49826,""from_node_id"":2739,""to_node_id"":332,""sent_amt"":103774,""edge_cap"":23600829,""channel_cap"":334797000,""group_cap"":null,""channel_update"":334797000},{""edge_id"":42421,""from_node_id"":332,""to_node_id"":4424,""sent_amt"":103773,""edge_cap"":72659844,""channel_cap"":75247000,""group_cap"":null,""channel_update"":75247000}]}]"
10,804,4602,121975,12894,18446744073709551615,16295,1,0,0,2,0,0,0,4,4425-52725-48359-47335,2002,
11,3593,944,98071,13649,18446744073709551615,16851,1,0,0,2,0,0,0,4,31313-23476-5332,2000,
12,2183,2046,97519,16995,18446744073709551615,17799,0,1,0,0,0,0,0,1,17605-52736-52729-15934,1001,"[{""attempts"":1,""is_succeeded"":1,""end_time"":17799,""error_edge"":0,""error_type"":0,""route"":[{""edge_id"":17605,""from_node_id"":2183,""to_node_id"":353,""sent_amt"":98520,""edge_cap"":94745362,""channel_cap"":100000000,""group_cap"":null,""channel_update"":100000000},{""edge_id"":52736,""from_node_id"":353,""to_node_id"":2,""sent_amt"":98519,""edge_cap"":17985716,""channel_cap"":345623000,""group_cap"":null,""channel_update"":345623000},{""edge_id"":52729,""from_node_id"":2,""to_node_id"":54,""sent_amt"":98519,""edge_cap"":327155646,""channel_cap"":354635000,""group_cap"":null,""channel_update"":354635000},{""edge_id"":15934,""from_node_id"":54,""to_node_id"":2046,""sent_amt"":97519,""edge_cap"":23330412,""channel_cap"":353363000,""group_cap"":null,""channel_update"":353363000}]}]"
13,2398,1249,80763,18008,18446744073709551615,18610,1,1,0,0,0,0,0,2,19711-10234-7722,4,
14,5446,625,101778,18567,18446744073709551615,21767,1,0,0,2,0,0,0,4,53812-13222-3911-3156,2012,
15,527,1565,86840,18845,18446744073709551615,22046,1,0,0,2,0,0,0,4,2583-9558-11378,2,
16,252,2266,109427,19495,18446744073709551615,20098,1,1,0,0,0,0,0,2,12951-12952-18523,2,
17,2868,4475,116575,20401,18446744073709551615,23602,1,0,0,1,0,0,0,3,32260-43785-43317,4000,
18,3772,4176,104993,22303,18446744073709551615,22907,1,1,0,0,0,0,0,2,33625-6499-38823,2,
19,990,4520,89365,22514,18446744073709551615,22915,0,1,0,0,0,0,0,1,5606-44363,1,"[{""attempts"":1,""is_succeeded"":1,""end_time"":22915,""error_edge"":0,""error_type"":0,""route"":[{""edge_id"":5606,""from_node_id"":990,""to_node_id"":130,""sent_amt"":89366,""edge_cap"":7505116,""channel_cap"":300000000,""group_cap"":null,""channel_update"":300000000},{""edge_id"":44363,""from_node_id"":130,""to_node_id"":4520,""sent_amt"":89365,""edge_cap"":1886727061,""channel_cap"":2000000000,""group_cap"":null,""channel_update"":2000000000}]}]"
20,1285,820,108099,22630,18446744073709551615,23031,1,1,0,0,0,0,0,2,14791-25604,184,
21,932,2854,107149,23369,18446744073709551615,23972,1,1,0,0,0,0,0,2,6029-1340-24421,4,
22,5422,2546,108904,24768,18446744073709551615,25571,0,1,0,0,0,0,0,1,53590-56383-21224-21682,1221,"[{""attempts"":1,""is_succeeded"":1,""end_time"":25571,""error_edge"":0,""error_type"":0,""route"":[{""edge_id"":53590,""from_node_id"":5422,""to_node_id"":5366,""sent_amt"":110125,""edge_cap"":7995538,""channel_cap"":100000000,""group_cap"":null,""channel_update"":100000000},{""edge_id"":56383,""from_node_id"":5366,""to_node_id"":457,""sent_amt"":109125,""edge_cap"":957572318,""channel_cap"":1000000000,""group_cap"":null,""channel_update"":1000000000},{""edge_id"":21224,""from_node_id"":457,""to_node_id"":130,""sent_amt"":108905,""edge_cap"":133221168,""channel_cap"":2000000000,""group_cap"":null,""channel_update"":2000000000},{""edge_id"":21682,""from_node_id"":130,""to_node_id"":2546,""sent_amt"":108904,""edge_cap"":11313546,""channel_cap"":510426000,""group_cap"":null,""channel_update"":510426000}]}]"
23,5405,5866,90701,25453,18446744073709551615,28656,1,0,0,2,0,0,0,4,53532-60571-57319-58213-58570,6198,
24,1451,1428,104524,25548,18446744073709551615,26151,1,1,0,0,0,0,0,2,9316-99-9142,2098,
25,5293,1142,93820,25870,18446744073709551615,29271,1,0,0,2,0,0,0,4,52341-48200-48654-7146,2002,
26,1489,426,94380,26142,18446744073709551615,26743,0,1,0,0,0,0,0,1,10395-9514-2069,2,"[{""attempts"":1,""is_succeeded"":1,""end_time"":26743,""error_edge"":0,""error_type"":0,""route"":[{""edge_id"":10395,""from_node_id"":1489,""to_node_id"":1473,""sent_amt"":94382,""edge_cap"":45491720,""channel_cap"":48394000,""group_cap"":null,""channel_update"":48394000},{""edge_id"":9514,""from_node_id"":1473,""to_node_id"":342,""sent_amt"":94381,""edge_cap"":833636607,""channel_cap"":16000000000,""group_cap"":null,""channel_update"":16000000000},{""edge_id"":2069,""from_node_id"":342,""to_node_id"":426,""sent_amt"":94380,""edge_cap"":16244816740,""channel_cap"":16777215000,""group_cap"":null,""channel_update"":16777215000}]}]"
27,1611,5801,106188,26542,18446744073709551615,29945,1,0,0,2,0,0,0,4,15716-27718-52537-57783,2032,
28,1539,1267,110998,26967,18446744073709551615,30167,1,0,0,2,0,0,0,4,11192-22569-25415-7842,2002,
29,496,1324,103412,26992,18446744073709551615,27397,0,1,0,0,0,0,0,1,2465-8590,2,"[{""attempts"":1,""is_succeeded"":1,""end_time"":27397,""error_edge"":0,""error_type"":0,""route"":[{""edge_id"":2465,""from_node_id"":496,""to_node_id"":87,""sent_amt"":103414,""edge_cap"":79643122,""channel_cap"":80793000,""group_cap"":null,""channel_update"":80793000},{""edge_id"":8590,""from_node_id"":87,""to_node_id"":1324,""sent_amt"":103412,""edge_cap"":47378004,""channel_cap"":2000000000,""group_cap"":null,""channel_update"":2000000000}]}]"
30,2902,5000,95428,27935,18446744073709551615,31136,1,0,0,1,0,0,0,3,36529-14989-58441-49576,192,
31,2816,3173,89247,28798,18446744073709551615,32199,1,0,0,2,0,0,0,4,24005-23961-33902-27631,4000,
32,2223,2680,113054,28964,18446744073709551615,29564,0,1,0,0,0,0,0,1,50013-42369-22550,114,"[{""attempts"":1,""is_succeeded"":1,""end_time"":29564,""error_edge"":0,""error_type"":0,""route"":[{""edge_id"":50013,""from_node_id"":2223,""to_node_id"":2,""sent_amt"":113168,""edge_cap"":355974026,""channel_cap"":374931000,""group_cap"":null,""channel_update"":374931000},{""edge_id"":42369,""from_node_id"":2,""to_node_id"":2615,""sent_amt"":113055,""edge_cap"":336310397,""channel_cap"":350000000,""group_cap"":null,""channel_update"":350000000},{""edge_id"":22550,""from_node_id"":2615,""to_node_id"":2680,""sent_amt"":113054,""edge_cap"":1453902,""channel_cap"":40000000,""group_cap"":null,""channel_update"":40000000}]}]"
33,2892,3849,93566,29868,18446744073709551615,33269,1,0,0,2,0,0,0,4,47461-48383-39516-34379,4094,
34,5449,1101,114701,31245,18446744073709551615,34647,1,0,0,1,0,0,0,3,53828-51632-51555-6939,40,
35,2582,4507,84794,32097,18446744073709551615,36100,1,1,0,1,0,0,0,3,21634-58614-53003-43856,2416,
36,3869,249,115415,33752,18446744073709551615,34557,0,1,0,0,0,0,0,1,34600-33283-33788-813,1001,"[{""attempts"":1,""is_succeeded"":1,""end_time"":34557,""error_edge"":0,""error_type"":0,""route"":[{""edge_id"":34600,""from_node_id"":3869,""to_node_id"":377,""sent_amt"":116416,""edge_cap"":1789025,""channel_cap"":50000000,""group_cap"":null,""channel_update"":50000000},{""edge_id"":33283,""from_node_id"":377,""to_node_id"":3726,""sent_amt"":115416,""edge_cap"":29835436,""channel_cap"":29989000,""group_cap"":null,""channel_update"":29989000},{""edge_id"":33788,""from_node_id"":3726,""to_node_id"":130,""sent_amt"":115416,""edge_cap"":117672685,""channel_cap"":2000000000,""group_cap"":null,""channel_update"":2000000000},{""edge_id"":813,""from_node_id"":130,""to_node_id"":249,""sent_amt"":115415,""edge_cap"":142063851,""channel_cap"":150000000,""group_cap"":null,""channel_update"":150000000}]}]"
37,1799,4188,112693,35237,18446744073709551615,36039,1,1,0,0,0,0,0,2,13288-51554-51631-38944,2046,
38,5686,1089,83644,36113,18446744073709551615,39314,1,0,0,2,0,0,0,4,56425-55830-6799-6915,4040,
39,408,1062,107421,38204,18446744073709551615,38806,0,1,0,0,0,0,0,1,1926-3817-6933,2,"[{""attempts"":1,""is_succeeded"":1,""end_time"":38806,""error_edge"":0,""error_type"":0,""route"":[{""edge_id"":1926,""from_node_id"":408,""to_node_id"":326,""sent_amt"":107423,""edge_cap"":1366481,""channel_cap"":20000000,""group_cap"":null,""channel_update"":20000000},{""edge_id"":3817,""from_node_id"":326,""to_node_id"":359,""sent_amt"":107422,""edge_cap"":15689448039,""channel_cap"":16777215000,""group_cap"":null,""channel_update"":16777215000},{""edge_id"":6933,""from_node_id"":359,""to_node_id"":1062,""sent_amt"":107421,""edge_cap"":1132853074,""channel_cap"":1200000000,""group_cap"":null,""channel_update"":1200000000}]}]"
40,5093,3618,96695,40888,18446744073709551615,41489,0,1,0,0,0,0,0,1,50323-794-31729,2000,"[{""attempts"":1,""is_succeeded"":1,""end_time"":41489,""error_edge"":0,""error_type"":0,""route"":[{""edge_id"":50323,""from_node_id"":5093,""to_node_id"":54,""sent_amt"":98695,""edge_cap"":48723401,""channel_cap"":50000000,""group_cap"":null,""channel_update"":50000000},{""edge_id"":794,""from_node_id"":54,""to_node_id"":16,""sent_amt"":97695,""edge_cap"":125627159,""channel_cap"":2000000000,""group_cap"":null,""channel_update"":2000000000},{""edge_id"":31729,""from_node_id"":16,""to_node_id"":3618,""sent_amt"":96695,""edge_cap"":129754923,""channel_cap"":140000000,""group_cap"":null,""channel_update"":140000000}]}]"
41,3489,895,110848,41796,18446744073709551615,45196,1,0,0,2,0,0,0,4,30316-728-6485-5069,2002,
42,3327,2034,106187,42149,18446744073709551615,42756,1,1,0,0,0,0,0,2,28831-23574-15914,106,
43,4685,123,95600,42599,18446744073709551615,43405,0,1,0,0,0,0,0,1,46491-55156-46636-459,1001,"[{""attempts"":1,""is_succeeded"":1,""end_time"":43405,""error_edge"":0,""error_type"":0,""route"":[{""edge_id"":46491,""from_node_id"":4685,""to_node_id"":4100,""sent_amt"":96601,""edge_cap"":96429849,""channel_cap"":100000000,""group_cap"":null,""channel_update"":100000000},{""edge_id"":55156,""from_node_id"":4100,""to_node_id"":4683,""sent_amt"":95601,""edge_cap"":2175224,""channel_cap"":500000000,""group_cap"":null,""channel_update"":500000000},{""edge_id"":46636,""from_node_id"":4683,""to_node_id"":130,""sent_amt"":95601,""edge_cap"":35471020,""channel_cap"":500000000,""group_cap"":null,""channel_update"":500000000},{""edge_id"":459,""from_node_id"":130,""to_node_id"":123,""sent_amt"":95600,""edge_cap"":11018946447,""channel_cap"":12237197000,""group_cap"":null,""channel_update"":12237197000}]}]"
44,1616,1909,90327,44544,18446744073709551615,45149,0,1,0,0,0,0,0,1,11841-13454-14554,1001,"[{""attempts"":1,""is_succeeded"":1,""end_time"":45149,""error_edge"":0,""error_type"":0,""route"":[{""edge_id"":11841,""from_node_id"":1616,""to_node_id"":54,""sent_amt"":91328,""edge_cap"":90272053,""channel_cap"":100000000,""group_cap"":null,""channel_update"":100000000},{""edge_id"":13454,""from_node_id"":54,""to_node_id"":342,""sent_amt"":90328,""edge_cap"":338857767,""channel_cap"":5000000000,""group_cap"":null,""channel_update"":5000000000},{""edge_id"":14554,""from_node_id"":342,""to_node_id"":1909,""sent_amt"":90327,""edge_cap"":40794924,""channel_cap"":700000000,""group_cap"":null,""channel_update"":700000000}]}]"
45,358,2006,111524,44577,18446744073709551615,44979,0,1,0,0,0,0,0,1,6876-41154,0,"[{""attempts"":1,""is_succeeded"":1,""end_time"":44979,""error_edge"":0,""error_type"":0,""route"":[{""edge_id"":6876,""from_node_id"":358,""to_node_id"":2,""sent_amt"":111524,""edge_cap"":15524380,""channel_cap"":651424000,""group_cap"":null,""channel_update"":651424000},{""edge_id"":41154,""from_node_id"":2,""to_node_id"":2006,""sent_amt"":111524,""edge_cap"":1005995,""channel_cap"":61337000,""group_cap"":null,""channel_update"":61337000}]}]"
46,1398,1033,82052,44675,18446744073709551615,48477,1,1,0,1,0,0,0,3,8851-10745-7537,2,
47,3864,2630,103605,44779,18446744073709551615,45382,0,1,0,0,0,0,0,1,34527-38595-48400,1103,"[{""attempts"":1,""is_succeeded"":1,""end_time"":45382,""error_edge"":0,""error_type"":0,""route"":[{""edge_id"":34527,""from_node_id"":3864,""to_node_id"":3821,""sent_amt"":104708,""edge_cap"":960754615,""channel_cap"":1000000000,""group_cap"":null,""channel_update"":1000000000},{""edge_id"":38595,""from_node_id"":3821,""to_node_id"":2,""sent_amt"":103708,""edge_cap"":961343349,""channel_cap"":1000000000,""group_cap"":null,""channel_update"":1000000000},{""edge_id"":48400,""from_node_id"":2,""to_node_id"":2630,""sent_amt"":103605,""edge_cap"":5061028,""channel_cap"":71337000,""group_cap"":null,""channel_update"":71337000}]}]"
48,2704,5554,99812,44806,18446744073709551615,48007,1,0,0,2,0,0,0,4,22797-43569-44998-54788,6000,
49,3676,4283,111977,45509,18446744073709551615,48910,1,0,0,2,0,0,0,4,52808-1496-1221-40266,4,
50,3858,1559,103531,47511,18446744073709551615,48113,0,1,0,0,0,0,0,1,34475-52696-11351,104,"[{""attempts"":1,""is_succeeded"":1,""end_time"":48113,""error_edge"":0,""error_type"":0,""route"":[{""edge_id"":34475,""from_node_id"":3858,""to_node_id"":2,""sent_amt"":103635,""edge_cap"":97549953,""channel_cap"":100000000,""group_cap"":null,""channel_update"":100000000},{""edge_id"":52696,""from_node_id"":2,""to_node_id"":345,""sent_amt"":103532,""edge_cap"":29842143,""channel_cap"":304981000,""group_cap"":null,""channel_update"":304981000},{""edge_id"":11351,""from_node_id"":345,""to_node_id"":1559,""sent_amt"":103531,""edge_cap"":499131519,""channel_cap"":500000000,""group_cap"":null,""channel_update"":500000000}]}]"
51,3644,1469,101293,48706,18446744073709551615,52507,1,1,0,2,0,0,0,4,37337-52736-48366,2,
52,3299,922,106710,49310,18446744073709551615,49912,1,1,0,0,0,0,0,2,28752-23574-42373,106,
53,926,3172,104008,49711,18446744073709551615,50514,1,1,0,0,0,0,0,2,5232-3884-11242-27617,2002,
54,2239,2626,105674,49822,18446744073709551615,50622,0,1,0,0,0,0,0,1,18231-52728-15024-22123,2000,"[{""attempts"":1,""is_succeeded"":1,""end_time"":50622,""error_edge"":0,""error_type"":0,""route"":[{""edge_id"":18231,""from_node_id"":2239,""to_node_id"":54,""sent_amt"":107674,""edge_cap"":18652944,""channel_cap"":20000000,""group_cap"":null,""channel_update"":20000000},{""edge_id"":52728,""from_node_id"":54,""to_node_id"":2,""sent_amt"":106674,""edge_cap"":27372680,""channel_cap"":354635000,""group_cap"":null,""channel_update"":354635000},{""edge_id"":15024,""from_node_id"":2,""to_node_id"":1,""sent_amt"":106674,""edge_cap"":38407453,""channel_cap"":608592000,""group_cap"":null,""channel_update"":608592000},{""edge_id"":22123,""from_node_id"":1,""to_node_id"":2626,""sent_amt"":105674,""edge_cap"":146200778,""channel_cap"":149673000,""group_cap"":null,""channel_update"":149673000}]}]"
55,1589,3506,95917,51359,18446744073709551615,54560,1,0,0,1,0,0,0,3,11611-30506-30516,2000,
56,4292,397,82879,52523,18446744073709551615,53123,0,1,0,0,0,0,0,1,40468-9933-1854,2,"[{""attempts"":1,""is_succeeded"":1,""end_time"":53123,""error_edge"":0,""error_type"":0,""route"":[{""edge_id"":40468,""from_node_id"":4292,""to_node_id"":347,""sent_amt"":82881,""edge_cap"":15163235,""channel_cap"":822856000,""group_cap"":null,""channel_update"":822856000},{""edge_id"":9933,""from_node_id"":347,""to_node_id"":349,""sent_amt"":82880,""edge_cap"":16183759963,""channel_cap"":16777215000,""group_cap"":null,""channel_update"":16777215000},{""edge_id"":1854,""from_node_id"":349,""to_node_id"":397,""sent_amt"":82879,""edge_cap"":1623018,""channel_cap"":47860000,""group_cap"":null,""channel_update"":47860000}]}]"
57,664,4970,91369,52681,18446744073709551615,55882,1,0,0,1,0,0,0,3,3419-3408-58441-49516,2184,
58,2364,5758,91401,52923,18446744073709551615,53525,0,1,0,0,0,0,0,1,31478-55257-57416,1000,"[{""attempts"":1,""is_succeeded"":1,""end_time"":53525,""error_edge"":0,""error_type"":0,""route"":[{""edge_id"":31478,""from_node_id"":2364,""to_node_id"":3467,""sent_amt"":92401,""edge_cap"":30269924,""channel_cap"":1000000000,""group_cap"":null,""channel_update"":1000000000},{""edge_id"":55257,""from_node_id"":3467,""to_node_id"":54,""sent_amt"":92401,""edge_cap"":239515347,""channel_cap"":241422000,""group_cap"":null,""channel_update"":241422000},{""edge_id"":57416,""from_node_id"":54,""to_node_id"":5758,""sent_amt"":91401,""edge_cap"":8589779,""channel_cap"":258133000,""group_cap"":null,""channel_update"":258133000}]}]"
59,3178,3475,92081,53577,18446744073709551615,56777,1,0,0,1,0,0,0,3,27680-27163-8202-16276-30145,14048,
60,5942,5800,97323,53577,18446744073709551615,53577,0,0,0,0,0,0,0,1,,,
61,3024,5947,103887,55803,18446744073709551615,59003,1,0,0,1,0,0,0,3,26285-53018-60078,2418,
62,964,4234,117470,55814,18446744073709551615,59014,1,0,0,2,0,0,0,4,5462-12282-6485-39526,202,
63,4483,4514,86362,56828,18446744073709551615,60230,1,0,0,2,0,0,0,4,44357-29408-29391-43936,2686,
64,5850,1623,96613,57275,18446744073709551615,60676,1,0,0,2,0,0,0,4,58299-41300-13828-11885,2004,
65,5221,4009,109180,57481,18446744073709551615,60683,1,0,0,2,0,0,0,4,60639-14499-36800,8,
66,3767,4213,87769,58207,18446744073709551615,62010,1,1,0,1,0,0,0,3,33279-32828-44899,1053,
67,856,3210,120823,60537,18446744073709551615,63937,1,0,0,2,0,0,0,4,4777-3504-32109-27950,86,
68,4822,2220,103708,61567,18446744073709551615,62370,1,1,0,0,0,0,0,2,48337-55156-55167-17913,2002,
69,4504,2358,101047,62269,18446744073709551615,65670,1,0,0,1,0,0,0,3,43831-44168-21291-19381,2014,
70,694,5390,99114,62403,18446744073709551615,66411,1,1,0,1,0,0,0,3,13441-53016-55603-53481,2420,
71,446,4711,104312,63659,18446744073709551615,64262,1,1,0,0,0,0,0,2,2167-5158-46931,4,
72,4297,5866,101098,64770,18446744073709551615,67971,1,0,0,2,0,0,0,4,41090-48359-58213-58570,4000,
73,5590,800,99241,66457,18446744073709551615,69858,1,0,0,1,0,0,0,3,54990-46038-25259-4417,2000,
74,1070,2672,113103,67492,18446744073709551615,68296,0,1,0,0,0,0,0,1,6584-37528-33913-46975,1,"[{""attempts"":1,""is_succeeded"":1,""end_time"":68296,""error_edge"":0,""error_type"":0,""route"":[{""edge_id"":6584,""from_node_id"":1070,""to_node_id"":326,""sent_amt"":113104,""edge_cap"":73996280,""channel_cap"":1000000000,""group_cap"":null,""channel_update"":1000000000},{""edge_id"":37528,""from_node_id"":326,""to_node_id"":3283,""sent_amt"":113103,""edge_cap"":122613321,""channel_cap"":10000000000,""group_cap"":null,""channel_update"":10000000000},{""edge_id"":33913,""from_node_id"":3283,""to_node_id"":2,""sent_amt"":113103,""edge_cap"":28123264,""channel_cap"":31337000,""group_cap"":null,""channel_update"":31337000},{""edge_id"":46975,""from_node_id"":2,""to_node_id"":2672,""sent_amt"":113103,""edge_cap"":60139181,""channel_cap"":61337000,""group_cap"":null,""channel_update"":61337000}]}]"
75,5520,5482,96143,68321,18446744073709551615,71522,1,0,0,2,0,0,0,4,54399-46623-49356-54081,4000,
76,5607,5299,105394,68436,18446744073709551615,69040,1,1,0,0,0,0,0,2,55338-55876-52773,2104,
77,775,2061,107617,70274,18446744073709551615,73475,1,0,0,2,0,0,0,4,4244-3911-16076,2,
78,778,4594,96011,71777,18446744073709551615,72782,0,1,1,0,0,0,0,2,4261-20032-52223,2009,"[{""attempts"":2,""is_succeeded"":1,""end_time"":72782,""error_edge"":0,""error_type"":0,""route"":[{""edge_id"":4261,""from_node_id"":778,""to_node_id"":54,""sent_amt"":98020,""edge_cap"":19311843,""channel_cap"":20000000,""group_cap"":null,""channel_update"":20000000},{""edge_id"":20032,""from_node_id"":54,""to_node_id"":2440,""sent_amt"":97020,""edge_cap"":469624,""channel_cap"":241273000,""group_cap"":null,""channel_update"":241273000},{""edge_id"":52223,""from_node_id"":2440,""to_node_id"":4594,""sent_amt"":96011,""edge_cap"":73366059,""channel_cap"":75000000,""group_cap"":null,""channel_update"":75000000}]},{""attempts"":1,""is_succeeded"":0,""end_time"":72181,""error_edge"":45344,""error_type"":1,""route"":[{""edge_id"":4261,""from_node_id"":778,""to_node_id"":54,""sent_amt"":98020,""edge_cap"":19409863,""channel_cap"":20000000,""group_cap"":null,""channel_update"":20000000},{""edge_id"":726,""from_node_id"":54,""to_node_id"":177,""sent_amt"":97020,""edge_cap"":356084535,""channel_cap"":10000000000,""group_cap"":null,""channel_update"":10000000000},{""edge_id"":45344,""from_node_id"":177,""to_node_id"":4594,""sent_amt"":96011,""edge_cap"":77393,""channel_cap"":150000000,""group_cap"":null,""channel_update"":96011}]}]"
79,3169,3041,115502,72028,18446744073709551615,72629,0,1,0,0,0,0,0,1,33383-32830-26329,1,"[{""attempts"":1,""is_succeeded"":1,""end_time"":72629,""error_edge"":0,""error_type"":0,""route"":[{""edge_id"":33383,""from_node_id"":3169,""to_node_id"":3726,""sent_amt"":115503,""edge_cap"":29409963,""channel_cap"":29984000,""group_cap"":null,""channel_update"":29984000},{""edge_id"":32830,""from_node_id"":3726,""to_node_id"":345,""sent_amt"":115503,""edge_cap"":3590,""channel_cap"":37131000,""group_cap"":null,""channel_update"":37131000},{""edge_id"":26329,""from_node_id"":345,""to_node_id"":3041,""sent_amt"":115502,""edge_cap"":140539787,""channel_cap"":146601000,""group_cap"":null,""channel_update"":146601000}]}]"
80,1079,4075,105386,73114,18446744073709551615,76316,1,0,0,1,0,0,0,3,6649-5815-37492,2,
81,5280,57,99846,74685,18446744073709551615,75288,0,1,0,0,0,0,0,1,52247-22619-124,2099,"[{""attempts"":1,""is_succeeded"":1,""end_time"":75288,""error_edge"":0,""error_type"":0,""route"":[{""edge_id"":52247,""from_node_id"":5280,""to_node_id"":2689,""sent_amt"":101945,""edge_cap"":161556262,""channel_cap"":175325000,""group_cap"":null,""channel_update"":175325000},{""edge_id"":22619,""from_node_id"":2689,""to_node_id"":54,""sent_amt"":100846,""edge_cap"":225602655,""channel_cap"":246342000,""group_cap"":null,""channel_update"":246342000},{""edge_id"":124,""from_node_id"":54,""to_node_id"":57,""sent_amt"":99846,""edge_cap"":3239636,""channel_cap"":200000000,""group_cap"":null,""channel_update"":200000000}]}]"
82,3688,4846,99477,75383,18446744073709551615,76187,1,1,0,0,0,0,0,2,32471-50016-23575-48566,4000,
83,5033,3762,104163,77067,18446744073709551615,77870,0,1,0,0,0,0,0,1,49646-51632-55756-33147,1073,"[{""attempts"":1,""is_succeeded"":1,""end_time"":77870,""error_edge"":0,""error_type"":0,""route"":[{""edge_id"":49646,""from_node_id"":5033,""to_node_id"":4897,""sent_amt"":105236,""edge_cap"":6200508,""channel_cap"":100000000,""group_cap"":null,""channel_update"":100000000},{""edge_id"":51632,""from_node_id"":4897,""to_node_id"":3467,""sent_amt"":105236,""edge_cap"":121714569,""channel_cap"":5000000000,""group_cap"":null,""channel_update"":5000000000},{""edge_id"":55756,""from_node_id"":3467,""to_node_id"":3743,""sent_amt"":105213,""edge_cap"":69474817,""channel_cap"":1100000000,""group_cap"":null,""channel_update"":1100000000},{""edge_id"":33147,""from_node_id"":3743,""to_node_id"":3762,""sent_amt"":104163,""edge_cap"":15920794706,""channel_cap"":16770000000,""group_cap"":null,""channel_update"":16770000000}]}]"
84,5037,4547,112999,80614,18446744073709551615,81218,1,1,0,0,0,0,0,2,57740-56103-44540,2002,
85,698,5666,103457,81191,18446744073709551615,81794,0,1,0,0,0,0,0,1,3636-45228-56205,1104,"[{""attempts"":1,""is_succeeded"":1,""end_time"":81794,""error_edge"":0,""error_type"":0,""route"":[{""edge_id"":3636,""from_node_id"":698,""to_node_id"":2,""sent_amt"":104561,""edge_cap"":13217046,""channel_cap"":306395000,""group_cap"":null,""channel_update"":306395000},{""edge_id"":45228,""from_node_id"":2,""to_node_id"":2761,""sent_amt"":104457,""edge_cap"":4776253,""channel_cap"":300000000,""group_cap"":null,""channel_update"":300000000},{""edge_id"":56205,""from_node_id"":2761,""to_node_id"":5666,""sent_amt"":103457,""edge_cap"":18775881,""channel_cap"":20000000,""group_cap"":null,""channel_update"":20000000}]}]"
86,5729,335,131971,81743,18446744073709551615,84944,1,0,0,1,0,0,0,3,56851-53009-2688,2424,
87,5003,2527,102983,82127,18446744073709551615,86132,1,1,0,1,0,0,0,3,49583-52992-15568-20939,2420,
88,3682,3102,91145,82810,18446744073709551615,83410,0,1,0,0,0,0,0,1,32426-9658-26944,2,"[{""attempts"":1,""is_succeeded"":1,""end_time"":83410,""error_edge"":0,""error_type"":0,""route"":[{""edge_id"":32426,""from_node_id"":3682,""to_node_id"":349,""sent_amt"":91147,""edge_cap"":148166508,""channel_cap"":2000000000,""group_cap"":null,""channel_update"":2000000000},{""edge_id"":9658,""from_node_id"":349,""to_node_id"":1474,""sent_amt"":91146,""edge_cap"":686812545,""channel_cap"":10000000000,""group_cap"":null,""channel_update"":10000000000},{""edge_id"":26944,""from_node_id"":1474,""to_node_id"":3102,""sent_amt"":91145,""edge_cap"":144695385,""channel_cap"":5000000000,""group_cap"":null,""channel_update"":5000000000}]}]"
89,1117,1936,98295,84764,18446744073709551615,88768,1,1,0,1,0,0,0,3,7005-39418-1310-14767,6,
90,2695,3264,108884,85395,18446744073709551615,88597,1,0,0,1,0,0,0,3,22652-3857-28382,2,
91,3322,4172,116711,86093,18446744073709551615,89296,1,0,0,2,0,0,0,4,28803-52991-53294,2420,
92,755,338,93270,86631,18446744073709551615,87236,0,1,0,0,0,0,0,1,19606-1207-1195,2,"[{""attempts"":1,""is_succeeded"":1,""end_time"":87236,""error_edge"":0,""error_type"":0,""route"":[{""edge_id"":19606,""from_node_id"":755,""to_node_id"":340,""sent_amt"":93272,""edge_cap"":812853,""channel_cap"":175635000,""group_cap"":null,""channel_update"":175635000},{""edge_id"":1207,""from_node_id"":340,""to_node_id"":332,""sent_amt"":93271,""edge_cap"":8555330705,""channel_cap"":9000000000,""group_cap"":null,""channel_update"":9000000000},{""edge_id"":1195,""from_node_id"":332,""to_node_id"":338,""sent_amt"":93270,""edge_cap"":833458647,""channel_cap"":900000000,""group_cap"":null,""channel_update"":900000000}]}]"
93,2939,1037,97158,87679,18446744073709551615,88281,0,1,0,0,0,0,0,1,25364-23119-6246,2166,"[{""attempts"":1,""is_succeeded"":1,""end_time"":88281,""error_edge"":0,""error_type"":0,""route"":[{""edge_id"":25364,""from_node_id"":2939,""to_node_id"":77,""sent_amt"":99324,""edge_cap"":2943194,""channel_cap"":56622000,""group_cap"":null,""channel_update"":56622000},{""edge_id"":23119,""from_node_id"":77,""to_node_id"":54,""sent_amt"":98158,""edge_cap"":3015706440,""channel_cap"":3027640000,""group_cap"":null,""channel_update"":3027640000},{""edge_id"":6246,""from_node_id"":54,""to_node_id"":1037,""sent_amt"":97158,""edge_cap"":2865031,""channel_cap"":55555000,""group_cap"":null,""channel_update"":55555000}]}]"
94,2703,3191,105057,87926,18446744073709551615,88529,0,1,0,0,0,0,0,1,22798-2158-27773,2,"[{""attempts"":1,""is_succeeded"":1,""end_time"":88529,""error_edge"":0,""error_type"":0,""route"":[{""edge_id"":22798,""from_node_id"":2703,""to_node_id"":326,""sent_amt"":105059,""edge_cap"":50018639,""channel_cap"":8000000000,""group_cap"":null,""channel_update"":8000000000},{""edge_id"":2158,""from_node_id"":326,""to_node_id"":130,""sent_amt"":105058,""edge_cap"":193239226,""channel_cap"":3000000000,""group_cap"":null,""channel_update"":3000000000},{""edge_id"":27773,""from_node_id"":130,""to_node_id"":3191,""sent_amt"":105057,""edge_cap"":56092191,""channel_cap"":60000000,""group_cap"":null,""channel_update"":60000000}]}]"
95,1882,5632,92959,89274,18446744073709551615,92676,1,0,0,1,0,0,0,3,14311-52728-48359-55704,4000,
96,2056,1253,97201,89510,18446744073709551615,90114,1,1,0,0,0,0,0,2,16029-5837-7752,2,
97,3116,5055,91433,89876,18446744073709551615,93883,1,1,0,2,0,0,0,4,27103-9368-45228-49885,4092,
98,480,2493,118840,90109,18446744073709551615,90710,1,1,0,0,0,0,0,2,2377-1572-20571,4,
99,5334,4001,87144,92035,18446744073709551615,92635,0,1,0,0,0,0,0,1,55171-46178-36888,70426,"[{""attempts"":1,""is_succeeded"":1,""end_time"":92635,""error_edge"":0,""error_type"":0,""route"":[{""edge_id"":55171,""from_node_id"":5334,""to_node_id"":4100,""sent_amt"":157570,""edge_cap"":450379357,""channel_cap"":500000000,""group_cap"":null,""channel_update"":500000000},{""edge_id"":46178,""from_node_id"":4100,""to_node_id"":520,""sent_amt"":156570,""edge_cap"":12195280,""channel_cap"":666666000,""group_cap"":null,""channel_update"":666666000},{""edge_id"":36888,""from_node_id"":520,""to_node_id"":4001,""sent_amt"":87144,""edge_cap"":6148412,""channel_cap"":100000000,""group_cap"":null,""channel_update"":100000000}]}]"
